{
  "fixture": "camera-first-person-basic",
  "task": 2565,
  "description": "Deterministic first-person runtime camera movement/projection golden for the public camera surface.",
  "input": {
    "initialPose": {
      "position": [0, 1.6, 0],
      "yawDegrees": 0,
      "pitchDegrees": 0
    },
    "projection": {
      "fovYDegrees": 60,
      "near": 0.1,
      "far": 1000
    },
    "viewport": {
      "width": 1280,
      "height": 720
    },
    "tick": 1,
    "firstPersonInput": {
      "moveForward": 1,
      "moveRight": 0,
      "moveUp": 0,
      "yawDeltaDegrees": 15,
      "pitchDeltaDegrees": -5,
      "dtSeconds": 0.016666666666666666,
      "moveSpeedUnitsPerSecond": 3
    }
  },
  "expected": {
    "moved": {
      "camera": 1,
      "tick": 1,
      "pose": {
        "position": [0, 1.600000023841858, -0.05000000074505806],
        "yawDegrees": 15,
        "pitchDegrees": -5
      },
      "basis": {
        "forward": [0.25783416628837585, -0.08715573698282242, -0.9622501730918884],
        "right": [0.9659258127212524, 0, 0.258819043636322],
        "up": [0.022557564079761505, 0.9961947202682495, -0.08418597280979156]
      },
      "projection": {
        "fovYDegrees": 60,
        "near": 0.1,
        "far": 1000
      },
      "viewport": {
        "width": 1280,
        "height": 720
      }
    },
    "projection": {
      "camera": 1,
      "tick": 1,
      "pose": {
        "position": [0, 1.600000023841858, -0.05000000074505806],
        "yawDegrees": 15,
        "pitchDegrees": -5
      },
      "basis": {
        "forward": [0.25783416628837585, -0.08715573698282242, -0.9622501730918884],
        "right": [0.9659258127212524, 0, 0.258819043636322],
        "up": [0.022557564079761505, 0.9961947202682495, -0.08418597280979156]
      },
      "projection": {
        "fovYDegrees": 60,
        "near": 0.1,
        "far": 1000
      },
      "viewport": {
        "width": 1280,
        "height": 720
      },
      "viewMatrix": [0.9659258127212524, 0.022557564079761505, -0.25783416628837585, 0, 0, 0.9961947202682495, 0.08715573698282242, 0, 0.258819043636322, -0.08418597280979156, 0.9622501730918884, 0, 0.012940952554345131, -1.5981208086013794, -0.09133666753768921, 1],
      "projectionMatrix": [0.9742785692214966, 0, 0, 0, 0, 1.7320507764816284, 0, 0, 0, 0, -1.0002000331878662, -1, 0, 0, -0.20002000033855438, 0],
      "viewProjectionMatrix": [0.9410808086395264, 0.039070844650268555, 0.25788575410842896, 0.25783416628837585, 0, 1.7254598140716553, -0.08717317134141922, -0.08715573698282242, 0.2521618604660034, -0.14581437408924103, -0.9624426364898682, -0.9622501730918884, 0.012608092278242111, -2.768026351928711, -0.10866506397724152, 0.09133666753768921],
      "projectionHash": "fnv1a64:071327a4920ab097"
    }
  }
}
